{"test_mae": 0.0896211089098201, "test_mse": 0.010189167095576287, "test_r2": 0.9032099890808994, "train_mae": 0.02209368436316147, "train_mse": 0.0009106868686625686, "train_r2": 0.993875231144754}